Indice,Lieu,CodeLieu,N_Appart,NoteLieu,Docs
78,"Vauclusotte","25589",116,"Canton de Maîche.

En 1310, ""Valclusate"" ; dérivé récent de Vaucluse (il s'agit d'une vallée fermée ou, plus simplement, d'une vallée nommée ""cluse"" (terme fréquent dans la toponymie de la région)).
D'après ""Les noms de Lieux du Doubs"" de Gérard Taverdet.",
79,"Bâle","CH079",128,,
80,"Morteau","25411",116,"En 1107, ""Mortua Aqua"" ; en 1290, ""Morteau"" ; le Dictionnaire des Noms de lieux de France y voit une ""eau morte"" (cf Aigues Mortes) ; mais nous pensons plutôt à une réfection par étymologie populaire ; Morteau pourrait être un dérivé de ""morte"" (eau délaissée). A comparer avec Longeault (Côte d'Or, village retiré le long d'une route), glosé en ""Longa Aqua"" ; id. pour Longeau (Haute-Marne).
D'après ""Les noms de Lieux du Doubs"" de Gérard Taverdet.",
81,"Narbief","25421",116,"Canton du Russey.

En 1304, ""Nuers Bois"" ; en 1338, ""Neirbey"" ; les premières attestations de ce nom (de la fin du Moyen Age) ne laissent aucun doute : il s'agit bien sûr d'un ""bois noir"" (climat froid et humide, selon le Dictionnaire des Communes) ; l'ordre des mots est celui de l'ancien français ; par la suite, ""bois"" a été attiré par ""bief"", terme très fréquent dans la région dans le sens de ruisseau.
D'après ""Les noms de Lieux du Doubs"" de Gérard Taverdet.",
82,"Val De Vennes","FR082",116,,
83,"Mandeure","25367",116,"Canton d'Audincourt.

Vers250, ""Epomanduo"" ; au iVe siècle, ""Epamatadurum"" ; ""Epomanduodurum"" ; en 748, ""Mandouro"" ; les fouilles archéologiques et l'onomastique confirment le lien entre les formes citées par les documents antiques (Itinéraire d'Antonin, par exemple) et la ville moderne ; on voit généralement les éléments suivants :
a) epo- ""cheval"" (latin Equus) ; ce premier élément disparaît à l'époque mérovingienne.
b) manduo- ""petit cheval"" ; c'est sans doute le même élément que l'on retrouve sans le nom des Mandubiens, peuple d'Alésia.
c) -durum ""citadelle"" (que l'on retrouve dans Auxerre, Nanterre, ...)
Mandeure est donc la forteresse des cavaliers.
D'après ""Les noms de Lieux du Doubs"" de Gérard Taverdet.",
84,"Le Souillot","25122a",42,,
85,"Holseim","FR085",132,,
86,"Assy","FR086",126,,
87,"Toulouse","FR087",65,,
88,"Pau","FR088",133,,
89,"Pontarlier","25462",116,"""Ariarica"" 'Italien d'Antonin) ; ""Ariolica"" (Peutinger) (forme citée par le Dictionnaire des Noms de Lieux de France, préférable à ""Abiolica"" -Dictionnaire des Communes) ; en 862, ""Arila"" ; en 1050, ""Pons Arlie"" ; la première partie du nom est évidente ; il s'agit du pont qui traverse le Doubs à la hauteur de la ville ; la seconde représente manifestement l'ancien nom de la ville, cité par des documents de l'Antiquité incontestables ; il est difficle de préciser les sens exact de ce nom antique ; peut-être une racineAr- 'eau' (cf. Arar, ancien nom de la Saône) ; à comparer peut-être avec Arlay (Jura) qui est également à l'entrée d'un passage étroit.
D'après ""Les noms de Lieux du Doubs"" de Gérard Taverdet.",
90,"Loray","25349",116,"Canton de Pierrefontaine.

En 1263, ""Loray"" ; pour le Dictionnaire des Noms de Lieux de France, d'un nom d'homme gaulois Laurius avec le suffixe -acum. On peut penser également à une forme locale de l'ancien français ""lari"" ('pente') ; selon le Dictionnaire des Communes du Doubs, le village ""étage ses maisons sur le versant ouest d'un anticlinal ..."".
D'après ""Les noms de Lieux du Doubs"" de Gérard Taverdet.","00045"
91,"Chantilly","FR091",111,,
92,"Dung","25207",116,"Canton de Montbéliard.

En 1302, ""Dung"" ; une forme issue de Dunum (gaul. ; 'montagne') est assez difficle (pas de citadelle et pas de traces archéologiques anciennes) ; nom encore mystérieux.
D'après ""Les noms de Lieux du Doubs"" de Gérard Taverdet.",
93,"Belfays","25049",116,"Canton de Maîche.

En 1609, ""Belfay"" ; nom sans problème ; la première syllabe représente le français ""beau"", sans doute sous sa forme ""bel"", assez fréquente en Franche-Comté ; la seconde est le roman Fagetum, ""plantation des hêtres"" ; il s'agit donc d'une belle hêtraie. On notera que le latin Fagus est le seul nom du hêtre dans la région.
D'après ""Les noms de Lieux du Doubs"" de Gérard Taverdet.",
94,"Meurthe et Moselle","54",113,,
95,"Vichy","FR095",134,,
96,"Les Gras","25296",116,"Canton de Morteau.

En 1566, ""Les Gras"" ; plutôt qu'un nom de famille, nous suivrons l'explication du Dictionnaire des Communes qui porpose de voir ici une allusion aux roches en gradin entourant la combe ; mais l'explication liguistique du même ouvrage est assez maladroite ; il ne s'agit pas d'une évolution gradin->gras, assez diffcile à concevoir, mais d'une forme issue de Gradum 'escalier' ; terme assez fréquent encore dans les dialectes ; nous aurions ici la forme francoprovençale..
D'après ""Les noms de Lieux du Doubs"" de Gérard Taverdet.",
97,"Le Billot","FR097",116,,
98,"Belfort","90010",135,,
99,"Sochaux","25547",116,"Canton de Grand-Charmont-Sochaux.

En 1189, ""Souchy"" ; en 1489, ""Soschal"" ; pas cité par le Dictionnaire des Noms de Lieux de France ; peut-être tout simplement un déivé de ""sec"" ; il s'agirait alors d'un terrains sec, bien difficile à retrouver aujourd'hui, par suite de l'industrialisation. On pourrait penser également à un dérivé de ""souche"" ; ce serait alors un nom de défrichement.
D'après ""Les noms de Lieux du Doubs"" de Gérard Taverdet.",
100,"La Bosse","25077",116,"Canton du Russey.

En 1521, ""Le Bosse"" (d'après le Dictionnaire des Communes) ; nom récent ; assez probablement ""bosse"" avec le sens de ""hauteur, élévation"" (d'après le Dictionnaire des Noms de Lieux de France).
D'après ""Les noms de Lieux du Doubs"" de Gérard Taverdet.",
101,"Le Vallon","FR101",119,,
102,"Belgarde","CH102",128,,
103,"Les Bois De Montjoie","CH103",128,"L'étymologie de Montjoie est encore débattue ; pour certains, une ""montjoie"" est un château destiné à protéger le territoire (du germanique Mundgawi) ; d'autres pensent en revanche que les Montjoies sont des monts où on laissait éclater sa joie, comme les Montjoies placées sur les routes de Santiago (à Vezelay, par exemple) où le pélerin découvrait pour la première joie le but de son voyage ; cette étymologie par ""joie"" existe depuis longtemps ; par exemple, en 1369, ""Laetis mons"".
Il existe encore dans le Midi de la France un nom commun ""monjoie"" qui a le sens de 'tas' ; les étymologistes modernes y voient un dérivé de Mons ; les textes religieux associent volontiers l'idée de montagne à l'idée de grand nombre : saint ambroise : ""Est mons quasi qapienta Dei"" ; saint Bernard : ""Est mons gaudi, mons gloriae"".
D'après ""Les noms de Lieux du Doubs"" de Gérard Taverdet.",
104,"Noirmont","CH104",128,,
105,"Lille","FR105",131,,
106,"Trévillers","25571",116,"Canton de Maîche.

En 1177, ""Tirvillar"" ; nom diffcile, nom cité par le Dictionnaire des Noms de Lieux de France ; peut-être un plus ancien Trévilley (à comparer avec Trévilley(Yonne)) où nous verrons un dérivé de ""Tavel"" (cf. Tavey (Haute-Saône), Tavaux (Jura)) (le [r] n'est pas étymologique) avec le sens de ""butte, montagne"" ; par la suite, la seconde partie du nom a été attirée par l'imotante série des -villers"", ""ferme, hameau"" (dérivé de Villa, ""ferme"").
D'après ""Les noms de Lieux du Doubs"" de Gérard Taverdet.","00047"
107,"Le Creux","25127c",2,"Lieu-dit de Charquemont.",
108,"Les Joux De Maîche","25108a",10,,
109,"Vieux Charmont","25614",116,"Canton de Grand Charmont-Sochaux.

En 1189, ""Chalvus Mons"" ; en 1196, ""Vilchalmont"" ; nom sans problème ; même site que Grand-Charmont ; un ""charmont"" est un dérivé de ""chaume, charme"" (cf Autechaux) (avec attraction de ""mont"") ; il s'agit donc d'une hauteur ; le traitement du [l] en [r] est typique de l'Est de la France ; à noter la forme de 1189 ""mont chauve"" qui représente une tentative d'explication étymologique. Il existe entre autres un lieu-dit ""Charmont"" à Tarcenay.
D'après ""Les noms de Lieux du Doubs"" de Gérard Taverdet.",
110,"Audincourt","25031",116,"En 1140, ""Adincourt"" ; pour le Dictionnaire des Noms de Lieux de France, du nom d'homme germanique Adwin en composition avec le latin Cortis ""domaine, ferme"" (lat. class. Cohors, f.m. ""cour"") ; le premier nom pourrait toutefois représenter aussi le nom de femme Alda (ici au cas-régime Aldane) ; ordre de composition typiquement germanique.
D'après ""Les noms de Lieux du Doubs"" de Gérard Taverdet.",
111,"Oise","61",113,,
112,"Cambrai","FR112",125,,
113,"France","FR",0,,
114,"Vosges","88",113,,
115,"Epinal","FR115",114,,
116,"Doubs","25",113,"Le nom de la rivère est déjà cité par César (Dubis) ; on explique ce nom par la racine celtique Dub- 'noir' (cf. en celtique moderne, Dourduff ou Dublin).

En 1790, promulgation des décrets créant les départements, soit ceux du doubs, du Jura et de Haute-Saône pour la Franche-Comtén et des districts, 6 pour chaque département, dont celui de Saint-Hippolyte dans le Doubs.
En 1795, suppression des districts.
En 1800, création des arrondissements, moins nombreux que les districts, 4 pour le Doubs dont celui de Saint-Hippolyte.
Le 7 août 1796, une convention rédigée à Paris rattache à la France le Pays de Montbéliard, comté, seigneuries et baronneries qui en dépendent, Pays de Montbéliard qui avait été pris en 1793. Le Pays de Montbéliard est intégré successivement aux départements de Haute-Saône, du Mont-Terrible, du Haut-Rhin, puis en 1814, à celui du Doubs et à l'arrondissement de Saint-Hippolyte, le tribunal étant transféré à Montbéliard.
En 1816, Louis XVIII transfère tribunal et sous-préfecture à Montbéliard.",
117,"Montlebon","25403",116,"Canton de Morteau.

En 1373, ""Monlebon"" ; on peut penser à un nom d'homme moderne ""Lebon"".
D'après ""Les noms de Lieux du Doubs"" de Gérard Taverdet.",
118,"Combe Saint Pierre","25127a",2,"Lieu-dit de Charquemont.",
119,"?","INC",0,,
120,"La Chaux","25127b",2,"Lieu-dit de Charquemont.",
121,"Grandvaux","25356a",30,,
122,"Fournet-Blancheroche","25255",116,"Canton de Maîche.

En 1762, ""La Chapelle des Fournets"" ; le nom actuel apparaît en 1874. IL est diffcile de sire si ""Les Fournets"" sont de petits fours ou le domaine d'une famille ""Fournet"" ; le second nom est celui d'un hameau qui formait autrefois un domaine très important , ce second nom nous parle encore.
D'après ""Les noms de Lieux du Doubs"" de Gérard Taverdet.","00042"
123,"Les Chazeaux","25255b",122,"dérivé de ""chazal"" (bas-latin Casale, dérivé de Casa) qui a désigné des bâtiments agricoles, avec des sens pouvant variier dans le détail selon la région.",
124,"Haute-Sâone","70",113,,
125,"Pas de Calais","62",113,,
126,"Haute-Savoie","74",113,,
127,"Suisse","CH",0,,
128,"Canton de Bâle","CH128",127,,
129,"Allemagne","All",0,,
130,"4ème Souabe","AL130",129,,
131,"Nord","59",113,,
132,"Haut-Rhin","58",113,,
134,"Allier","03",113,,
135,"Territoire Belfort","90",113,,
136,"Carvin","FR136",125,,
137,"Seine-Maritime","76",113,,
138,"Le Havre","76351",60,,
139,"Pyrénées Atlantiques","64",113,,
140,"Lourdes","FR140",133,,
141,"Beaucourt","90009",135,,
142,"Hérault","34",113,,
143,"Lamalou les Bains","FR143",132,,
144,"Thaïlande","TH",0,,
145,"Chieng Maï","TH145",144,,
146,"-?-","INC",119,,
147,"Arras","FR147",125,,
148,"Rhône","69",12,,
149,"Lyon","FR149",59,,
151,"Seclin","FR151",146,,
152,"La Rochotte","FR152",146,,
153,"Montreux-Jeune","FR153",146,,
154,"Montagne Des Bois","FR154",116,,
155,"Dambenois","25188",116,"Canton d'Audincourt.

En 1150, ""Dambenay"" ; église catholique sous le vocable de saint Benoît ; nom sans problème ; il s'agit d'un village dont l'église est consacrée à saint Benoît, fondateur de l'ordre des Bénédictins ou ermite fondateur de l'abbaye de Montbenoît.
D'après ""Les noms de Lieux du Doubs"" de Gérard Taverdet.",
156,"Orgeans","25433",116,"Canton de Maîche.

En 1408, ""Ourgens"" ; pour le Dictionnaire des Noms de Lieux de France, nom d'homme germanique Arigundus, avec le suffixe -ing (de l'ancien morphène locatif burgonde -ingos ""chez les  ..."") ; on notera toutefois l'apparition tardive du village dans une région aux défrichements récents ; peut-être tout simplement un dérivé de ""orge"" (ce serait un champ où on cultive cette céréale) ou de Horreum 'grenier'.
D'après ""Les noms de Lieux du Doubs"" de Gérard Taverdet.",
157,"Bugny","25099",116,"Canton de Montbenoît

En 1189, ""In Buniaco"" ; un dérivé du prélatin Borna 'source' ou, mieux, 'creux' (on note de nombreuses dépressions karstiques) serait possible ; ce qui serait préférable à un nom d'homme gallo-romain ou germanique (Buno) ; la phonétique locale nous autorise à admettre qu'un [r] a pu exister bien avant l'apparition des premières mentions.
D'après ""Les noms de Lieux du Doubs"" de Gérard Taverdet.",
158,"Solemont","25548",116,"Canton de Pont-de-Roide.

En 1337, ""Ville soubz le Mont"" la lecture de la forme ancienne nous rend ce nom évident.
D'après ""Les noms de Lieux du Doubs"" de Gérard Taverdet.",
159,"Saint Hippolyte","25519",146,"En 1045, ""Altare S. Ypolitl"" ; saint Hippolyte était un schismatique du IIIe siècle, qui mourut en martyr après s'être reconcilié avec l'Eglise ; culte assez peu répandu ; l'église actuelle est sous le vocable de ce saint ; à noter ""Hyppolite"" dans les formes anciennes (cette graphie fautive existe encore dans le nom de quelques familles) ; sous la Révolution, nom temporaire de ""Doubs-mMarat"".
D'après ""Les noms de Lieux du Doubs"" de Gérard Taverdet.


Le 20 septembre 1298, veille de la Saint-Matthieu, le comte Jean II de la Roche octroie les franchises aux habitants de Saint-Hippolyte. Cet acte marque le début de ce qui sera la commune de Saint-Hippolyte.

Ces franchises de 1298 et les modifications qui y ont été apportées au cours des décennies et siècles suivants, par les seigneurs successifs, dotent la ville d'une administration dirigée par trois magstrats élus par la communauté.
La défense des fortifications, la garde des murailles, le guet, la sûreté de la ville, la police, l'ordre public et la gestion des communaux sont progressivement de leurs compétences. 
Le seigneur partage avec les habitants les frais de guet et ceux-ci ont la permission de couper le bois nécessaire à la construction et à l'entretien des fortifications, dans les forêts du seigneur, ce qui, plus tard, sera la cause d'un très long procès entre la ville de Saint-Hippolyte et le seigneur d'alors, Claudine de Rye.
Mais en faisnat des concessions,le seigneur se réservait plusieurs droits importants :
- le droit de lods qui devait être payé au seigneur par l'acheteur et le vendeur pour légaliser la vente d'un bien.
- le droit de justice : la justice était rendue par le seigneur ou son représentant, mais il devait être assisté des magistrats de la commune.
- le droit de pêche et chasse.
- les banalités qui étaient l'obligation, pour les habitants, de faire moudre leurs grains au moulin banal, propriété du seigneur, moulin qui était situé au lieu dit le ""Vieux Moulin"" sur le Dessoubre et de faire cuire leur pain au four banal.
- l'ost et la chevauchée étaient une forme de service militaire. Les franchises en suppriment le caractère totalement arbitraire et en font un service dont les conditions sont déterminées, la durée limitée, et certaines personnes pouvaient en être exemptées.

 (d'après le bulletin ""Au Clos Du Doubs"" n°34/juillet-août 1998).",
160,"Canada","Can",146,,
161,"Montréal","CA161",160,,
162,"Vernois-le-Fol","25606",116,"Canton de Saint-Hippolyte.

En 1671, ""Le Vernoy"" ; nom sans problème, d'un plus ancien Vernetum, ""lieu planté d'aulnes"" ; le second élément est le nom d'un hameau (assez probablement ""fou"" (du latin Fagus 'hêtre'), avec influence tardive du français 'fol, fou').
D'après ""Les noms de Lieux du Doubs"" de Gérard Taverdet.",
163,"Grandfontaine-Fournets","25288",146,"Canton de Pierrefontaine.

En 1188, ""Grandis fontana"" ; nom qui nous parle encore; Fournets est le nom d'un hameau important (qui a l'église, la mairie et les écoles; 'Les Fournets"" diminutif de four ou nom de famille). Actuellemetn comunne de Fournets-Luisans.
D'après ""Les noms de Lieux du Doubs"" de Gérard Taverdet.",
1,"Montbéliard","25388",116,"Département du Doubs
Chef lieu d'arrondissement

Toponymie :
   Vers 985, ""Montem Beliardae"" ; ""Mömpelgart"" au XVIIe siècle (transcription du Wurtemberg) ; on voit généralement ici ""mont"" en composition avec un nom d'homme d'originegermanique (Beligarda) ; on notera aussi l'ordre très roman de la composition (presque général dans les noms de châteaux).
D'après ""Les noms de Lieux du Doubs"" de Gérard Taverdet.


Franchises de Montbélaird octroyées en 1283 (d'après le bulletin ""Au Clos Du Doubs"" n°34/juillet-août 1998).

Le 7 août 1796, une convention rédigée à Paris rattache à la France le Pays de Montbéliard, comté, seigneuries et baronneries qui en dépendent, Pays de Montbéliard qui avait été pris en 1793. Le Pays de Montbéliard est intégré successivement aux départements de Haute-Saône, du Mont-Terrible, du Haut-Rhin, puis en 1814, à celui du Doubs et à l'arrondissement de Saint-Hippolyte, le tribunal étant transféré à Montbéliard.
En 1816, Louis XVIII transfère tribunal et sous-préfecture à Montbéliard.",
2,"Charquemont","25127",116,"Département du Doubs
Subdélégation de Baume-les-Dames
Canton de Maîche

Archives :
   1755 : Le comte de La Roche - 1C844

Recensements : 
   1476 : 100 feux
   1614 : 80 feux
   1688 : 70 maisons, 77 feux, 356 habitants
   1755 : 378 habitants
   1990 : 2205 habitants (103 hab/km²)

Toponymie :
    En 1454, ""Charquemont"" ; on reconnaît bien sûr ""-mont"" ; le premier élément est difficile. Forme manifestement récente.
D'après ""Les noms de Lieux du Doubs"" de Gérard Taverdet.

Les Echelles de la Mort :
   Elles permettaient aux villages de franchir la vallée du Doubs, de communiquer entre eux. Si on ne sait depuis quand les habitants de la vallée de la Mort et de son voisinage, ont équipé les falises d'échelles en bois, par contre, la décision du conseil municipal de la commune du Boulois de les remplacées par ces échelles métalliques construites par Justin Louvet de Charquemont date du 13 novembre 1897 (d'après le bulletin ""Au Clos Du Doubs"" n°34/juillet-août 1998).","00037"
3,"Mars La Tour","FR003",94,,
4,"Villers le Lac","25321",116,"Canton de Morteau.

En 1540, ""le Quartier du Lac au Vau de Morteau"" ; ""villers commence à apparaître au XVIIIe siècle, ""ferme, hameau"" (dérivé de Villa, ""ferme"").
D'après ""Les noms de Lieux du Doubs"" de Gérard Taverdet.",
5,"Grand Charmont","25284",116,"Canton de Grand-Charmont-Sochaux.

En 1182, etc ... ""Calmonte"" ; en 1549, ""Grand-Charmont"" ; il s'agit d'un nom de la même série que les ""Chaumont"" (avec le traitement particulier de [l] en [r] devant consonne labiale [m], typique des parlers de l'Est ; ""chaumont"" est un dérivé de Calmis (qui désigne la hauteur, la friche ; on note également une variante Calma 'chaume', 'charme', fréquente en microtoponymie) ; sa graphie a été ensuite attirée par ""mont"" ; on note souvent des interprétations par Calvus Mons 'mont chauve' (mais ce n'est par le cas ici) ; terme très fréquent en toponymie et microtoponymie. 
D'après ""Les noms de Lieux du Doubs"" de Gérard Taverdet.",
6,"Bremoncourt","25386a",116,"Canton de Saint-Hippolyte. Commune de Mantancy-Bremoncourt.

Nom d'un hameau : on y reconnaîtra facilement un nom d'homme germanique ou moderne (Brémont est bien attesté, m^me de nos jours) et Cortis (""domaine, ferme"" (lat. class. Cohors, f.m. ""cour"").
D'après ""Les noms de Lieux du Doubs"" de Gérard Taverdet.",
7,"Les Ecorces","25213",116,"Canton de Maîche.

En 1339, ""Les Escorces"" ; nom manifestement récent ; le Dictionanire des Noms de Lieux de France y voit une fabrique de tan ; on doit penser bien sûr à un nom de défrichement. Le Dictionnaire des Communes nous apporte ici une précision importante : les premiers habitants du pays étaient spécialisés dans le commerce des écorces de résineux ; ils en fabriquaient des paquets qu'ils allaient vendre aux tanneries de la région.
D'après ""Les noms de Lieux du Doubs"" de Gérard Taverdet.

Baronnerie de Maîche

1678 : Charles-Joseph Guyot de Malseigne - DCD, III, 1129
1777 : Béat.-Joseph Guyot de Bermont - DCD, III, 1129
1778 : Alexandre Guyot de Bermont - DCD, III, 1129
1779 : Alexandre Guyot de Bermont - DCD, III, 1129",
8,"Besançon","25056",116,"César (BG), ""Vesontio"" ; en 1346, ""Visontio"" ; fin du IVe siècle, ""Besontio""/""Bisontio"" (cf. Dictionnaire des communes, I, p.292). Dans le cas particulier de Besançon, les formes anciennes incontestables ne font par défaut ; il s'agit manifestement d'un nom prélatin ; on pense généralement à une racine oronymique ""wes-"" que nous retrouvons probablement dans d'autres toponymes célèbres d'Europe (Mont Viso, Vésuve, Vesoul, peut-être également Vézelay). Selon Dauzat, le nom a été attiré par celui du bison qui figure d'ailleurs sur les armes de la ville, d'où l'évolution (exceptionnelle) de [v] en [b].
D'après ""Les noms de Lieux du Doubs"" de Gérard Taverdet.",
9,"Charmauvillers","25124",116,"Subdélégation de Baume-les-Dames
Département du Doubs
Canton de Maîche

En 1177, ""Chalmoyvillar"" ; la première partie du nom semble représenter un plus ancien Carpinetum 'bois de charmes' ; il n'est toutefois pas impossible que le nom primitif ait été un nom d'homme attiré par 'charmoy' et impossible à reconnaître ; ""-villers"" à partir du bas-latin Villare, ""ferme, hameau"" (dérivé de Villa, ""ferme"").
D'après ""Les noms de Lieux du Doubs"" de Gérard Taverdet.

Une partie au comté de La Roche - St Hippolyte
Une partie à la Baronnerie de Maîche

vers 1705 : Dépendance de St-Hippolyte - B667, f°5
1755 : Mr de Thuilières-Montjoie et le baron de Maîche - 1C844

Hameau du Bief d'Etoz (d'après le dictionnaire des communes du Doubs) :
Ainsi que l'indique son appellation, ""le Bief d'Etoz"" est un petit torrent qui draine les euax en provenance du lieu dit ""les Fontaines"", à la sortie sud de Charmauvillers ainsi que celles d'une source qui jaillit en dessous des maisons du ""Plain"". Alimenté par ces eaux venues de la montagnen ce ""bief"" dévale la côte à laquelledonnèrent jadis leeur nom ""les toz"" (espèce de pins aujourd'hui disparue) : ce ""bief ès toz"" devenu ""bief des toz"" puis ""bief d'Etoz"", petit affluent de la rive gauche du Doubs, va grossir ensuite les eaux de la rivière vis-à-vid de l'actuelle usine électrique de ""la Goule"", laquelle a pris place dès 1891 sur la rive suisse, à l'endroit où Pierrot Folleteste du Noirmont avait installé ses moulins au temps de la Principauté épiscopale de Bâle.",
10,"Cernay L'église","25108",116,"Subdélégation de Baume-les-Dames
Département du Doubs
Canton de Maîche

En 1285, 1434, ""Cernay"" ; nom actuel en 1923 ; le Dictionnaire des Noms de Lieux de France pense à un nom d'homme latin Cerna, mais nous préférons voir à Cernay un dérivé du français ""cerne"" (lat. Circinum), avec le sens, assez fréquent en francoprovençal, de ""clairière"".
D'après ""Les noms de Lieux du Doubs"" de Gérard Taverdet.

Une partie au comté de La Roche - St Hippolyte
Une partie à la Baronnerie de Maîche

vers 1705 : Dépendance de St-Hippolyte - B667, f°5
1755 : Mr de Thuilières-Montjoie et le baron de Maîche - 1C844
1789 : Mr Bouhélier, seigneur à ... - DCD, II, 603",
11,"Courchavon","CH011",128,,
12,"Frambouhans","25256",116,"Subdélégation de Baume-les-Dames
Département du Doubs
Canton de Maîche

En 1339, etc ... 3frambouhans"" ; pour le dictionnaire des Noms de Lieux de France, pas de formes avant 1614 ; on pense à un nom d'homme d'origine germanique Frambold avec le suffixe -ing (de l'ancien morphène locatif burgonde -ingos ""chez les  ..."").
D'après ""Les noms de Lieux du Doubs"" de Gérard Taverdet.

1755 : Le comte de Thuilières-Monyjoie - 1C845","00039"
13,"Les Fontenelles","25248",116,"Canton du Russey.

En 1344, ""Fontenelles"" ; diminutif de ""fontaine"".
D'après ""Les noms de Lieux du Doubs"" de Gérard Taverdet.",
14,"Ocourt","CH014",128,"En 1998, commune de 1159 ha, traversée par le Doubs, entre les hameaux et les fermes de Montvoie, Monturban et des Champs Derrières, comptant 123 habitants. (maire : Joseph Berthold) avec un hôtel-restaurant (Deux Clefs) et 15 exploitations agricoles.

Au siècle passé, population de 529 habitants travaillant principalement aux forges de Bellefontaine.",
15,"Le Boulois","25081",116,"Canton de Maîche.

En 1658, ""Magny du Boulois"" ; nom sans problème ; il s'agit d'un plus ancien Betulletum, lieu planté de bouleaux ; terme très fréquent en toponymie.
D'après ""Les noms de Lieux du Doubs"" de Gérard Taverdet.



Les Echelles de la Mort :
Elles permettaient aux villages de franchir la vazllée du Doubs, de communiquer entre eux. Si on ne sait depuis quand les habitants de la vallée de la Mort et de son voisinage, ont équipé les falises d'échelles en bois, par contre, la décision du conseil municipal de la commune du Boulois de les remplacées par ces échelles métalliques construites par Justin Louvet de Charquemont date du 13 novembre 1897 (d'après le bulletin ""Au Clos Du Doubs"" n°34/juillet-août 1998).",
16,"Damprichard","25193",116,"Subdélégation de Baume-les-Dames
Département du Doubs
Canton de Maîche

En 1361, ""Fontaine Dan Richet"" ; église sous le vocable de sainte Madeleine ; Richard était probablement un ancien maître des lieux (lat. Dominus) ; il s'agit donc du domaine de ""maître Richard"". Contrairement à la plupart des autres formes en Dominus, il ne s'agit donc pas d'un nom d'origine religieuse.
D'après ""Les noms de Lieux du Doubs"" de Gérard Taverdet.

1755 : Le comte de Thuilières-Monyjoie et de La Roche - 1C845","00038"
17,"Ferrière Le Lac","25234",116,"Canton de Maîche.

En 1637, ""Ferrière"" : on voit généralement dans les ""ferrières"" d'anciennes mines de fer ; mais aucune exploitation de ce type n'est cité par le Dictionnaire des Communes du Doubs ;  les ferrières ont pu être assi d'anciennes routes (parfois recouvertes de scories de fern d'où leur nom)) ; c'est sans doute ce sens de route qu'il faudra retenir ici.
Le nom actuel est offcialisé en 1922.
D'après ""Les noms de Lieux du Doubs"" de Gérard Taverdet.",
18,"Le Friolais","25260",116,"Canton de Maîche.

En 1386, ""Le Fioley"" ; pour le dictionnaire des Noms de Lieux de France, pas de formes avant 1596 ; on pense à un nom d'homme germanique Friwulf, ce qui est contradictoire avec la forme de 1386 et la forme moderne, mais conforme à celle de 1596 (Frioulens) qui ne semble pas concerner Le Friolais. Nom encore mystérieux. On pourrait penser cependant à unb dérivé de ""fayolle"" (il s'agit donc d'un lieu planté d'hêtres, d'une forêt) avec développement d'un [r] non étymologique.
D'après ""Les noms de Lieux du Doubs"" de Gérard Taverdet.",
19,"Montandon","25387",116,"Canton de Saint-Hippolyte.

En 1286, ..., ""Montandon"" ; également non difficile ; on ne peut affirmer la manière dont ""Mont"" a été dérivé. ""-andon"" pourrait être une forme comparable à Ardon (39)  (chute de [r] et nasale de dilation.
D'après ""Les noms de Lieux du Doubs"" de Gérard Taverdet.",
20,"Glère","25275",116,"Canton de Saint-hippolyte.

En 1148, ""Glières"" ; selon le Dictionnaire des Noms de Lieux de France, du latin Glarea 'gravier' ; terme assez fréquent dans la région francoprovençale.
D'après ""Les noms de Lieux du Doubs"" de Gérard Taverdet.",
21,"Les Enfers","CH021",128,"
Moulin de plateau :
Au nord de Montfaucon, sur le bord du vallon où se niche le village des Enfers, anciennement des ""Envers"", était établi un moulin de plateau opù des retenues d'eau sont organisées. Mais la violence des crues à conduit très tôt à l'abandon de ce site  (d'après le bulletin ""Au Clos Du Doubs"" n°34/juillet-août 1998).",
22,"Courclavon","CH022",128,,
23,"Indevillers","25314",116,"Canton de Saint-Hippolyte.

En 1177, ""Ayndivillar"" ; selon le Dictionnaire des Noms de Lieux de France, nom d'hmme germanique Indo, en composition avec Villare, ""ferme, hameau"" (dérivé de Villa, ""ferme"").
D'après ""Les noms de Lieux du Doubs"" de Gérard Taverdet.",
24,"Bonnétage","25074",116,"Canton du Russey.

En 1354, ""Bon Estaige"" ; nom presque parlant ; il s'agit d'un bon étage ; il convient toutefois de redonner à ce nom sans sens ancien de demeure, résidence.
D'après ""Les noms de Lieux du Doubs"" de Gérard Taverdet.",
25,"Belleherbe","25051",116,"Canton de Maîche.

En 1417, ""Belleherbe"" ; nom récent qui nous parle [encore] ; il s'agit très probablement d'un ancien pâturage.
D'après ""Les noms de Lieux du Doubs"" de Gérard Taverdet.",
26,"Les Fins","25240",116,"Canton de Morteau.

En 1683, ""Les Fins"" ; il importe de retirer de ce nom très tardif de la série des ""Fins"" qui sont les limites de deux cités gauloises (cf. Dictionnaire des Noms de Lieux de France) ; dans l'Est de la France, les Fins sont des terrains soumis à la jachère. Nous avons donc une formation moderne ; les ""fins"", par définition noms de terres labourables, deviennent rarement des noms de lieux habités ; mais ellles sont très nombreuses en microtyponymie. ""ferme, hameau"" (dérivé de Villa, ""ferme"").",
27,"Goumois","25280",116,"Canton de Maîche.

En 1177, ""Gomoens"" ; nom d'homme germanique Godemod avec le suffixe -ing (de l'ancien morphène locatif burgonde -ingos ""chez les  ..."") ; le suffixe actuel ""-ois"" apparaît à la fin du XVe siècle.
D'après ""Les noms de Lieux du Doubs"" de Gérard Taverdet.",
28,"Mancenans Lizerne","25366",116,"Canton de Maîche.

En 1343, ""Mancenens"" ; pour le Dictionnaire des Noms de Lieux de France, nom d'homme germanique Manzo (régime Manzone), avec le suffixe -ing (de l'ancien morphène locatif burgonde -ingos ""chez les  ..."") ; ou forme dérivée du bas-latin Mantanea->mancienne 'viorne' ; ce serait alors un nom de défrichement ; le second est celui d'un hameau, La Lizerne (forme voisine de Lizine : une 'lésine"" ou 'lisine' est dans la région une sorte de gouffre (mot d'origine inconnue))
D'après ""Les noms de Lieux du Doubs"" de Gérard Taverdet.",
29,"Le Barboux","25042",116,"Canton du Russey.

En 1352, ""En Barbeux"" ; plutôt que lieu barbu (où pouusent les lichens) (d'après le ""Dictionnaire des Noms de Lieux de France"" de Douzat/Rostaing, nous penserons à ""barbe"", variante de ""bourbe"" ; il s'agirait donc d'un lieu humide. Nom manifestement récent.
D'après ""Les noms de Lieux du Doubs"" de Gérard Taverdet.",
30,"Maîche","25356",116,"En 1168, 1177, ""Maches"" ; pas de solution satisfaisante ; le Dictionnaire des Noms de Lieux de France propose sans conviction l'ancien français ""mache"" ('meule de foin', peut-être 'butte' ou 'motte'), de Maxata.
D'après ""Les noms de Lieux du Doubs"" de Gérard Taverdet.",
31,"Plaimbois Du Miroir","25456",116,"Canton du Russey.

En 1331, ""Plaimbois-le-Mireux"" ; ce nom nous parle encore ; il s'agit d'un bois planté sur sol ""plain"" (plan) ; le Mireux est un ""miroir"" (dont le sens est plus proche de celui de ""mirador"", d'origine espagnole), c'est-à-dire un observatoire naturel qui domine la vallée du Dessoubre (de ""mirer"", 'regarder' ; cf. Miribel, Mirebeau des autes régions).
D'après ""Les noms de Lieux du Doubs"" de Gérard Taverdet.",
32,"Blancheroche","25255a",122,"Canton de Maîche.

Nom d'un hameau qui formait autrefois un domaine très important , ce nom nous parle encore.
D'après ""Les noms de Lieux du Doubs"" de Gérard Taverdet.",
33,"Chamesol","25114",116,"Canton de St-Hippolyte.

En 1239, ""Chalnisso"" ; en 1275, ""Chambusso"" ; assez probablement un nom de la même série que Chamesey (canton du Russey, où le nom appartient à la même famille que ""chaume"" ou ""chaux"" ; il s'agit donc d'une friche ou d'un terrain diffcile à cultiver), avec un autre suffixe ; à noter les hésitations des formes anciennes qui ne peuvent expliquer la forme moderne ; il faut attendre le XIVe siècle pour que le nom soit fixé (""Chamessol"").
D'après ""Les noms de Lieux du Doubs"" de Gérard Taverdet.",
34,"Montfaucon","CH034",128,"Montfaucon est cité dans une bulle papale dès 1139, comme étant sous la dépendance de Saint-Ursanne. C'était alors la paroisse mère des Franches Montagnes, jusqu'à son démemebrement à la fin du XVIème siècle. L'église actuelle est une reconstruction de 1831.

Franches Montagnes :
Imier de Ramstein , évêque de Bâle, octroie le 17 novembre 1384, des franchises aux habitants de la Montagne des Bois, ces ""Noires Joux"" allant de Montfaucon à Biaufond, afin d'encourager le défrichement et le peuplement de cette région de Montfaucon.

Moulin de plateau :
Au nord de Montfaucon, sur le bord du vallon où se niche le village des Enfers, anciennement des ""Envers"", était établi un moulin de plateau opù des retenues d'eau sont organisées. Mais la violence des crues à conduit très tôt à l'abandon de ce site.

Moulin du Plain de Saigne :
Présumé construit en 1614, attestée en 1657 ...
En 1743, le bail n'est pas reconduit à Pierre Louis Girardin, et le moulin est vendu pour 1400 livres bâloises à Jean-François Farine, ancien maire de Montfaucon.

 (d'après le bulletin ""Au Clos Du Doubs"" n°34/juillet-août 1998).",
35,"Vaufrey","25591",116,"Canton de Saint-Hippolyte.

En 1239, ""Walfrei"" ; le Dictionnaire des Noms de Lieux de France porpose simplement une ""vallée froide"" ; l'explication est possible, si on considère que le [l] final de la première attestation n'a aucune réalité phonétique (ce qui est possible dans la région où les consonnes finales s'amuissent très tôt). Nous penserons plutôt à un nom d'homme médiéval d'origine germanique (Waldifrid, 'gouverner'+paix) sans suffixe..
D'après ""Les noms de Lieux du Doubs"" de Gérard Taverdet.

Le seigneur de Montjoie a octroyé en 1315 les franchises à Moron, hameau de Vaufrey, dans le but de créer un bourg autour du château récemment construit : les franchises qu'il concède était donc conçues pour fonctionner comme une charte de peuplement. La situation de la localité et les difficultés de l'époque feront avorter cette tentative (d'après le bulletin ""Au Clos Du Doubs"" n°34/juillet-août 1998).",
36,"Courgenay","CH036",128,,
37,"Le Russey","25512",116,"En 1325, ""Le Ruissel"" ; plutôt qu'un nom d'homme gallo-romain (qui explique diffcielement l'article), nous verrrons ici tout simplement une forme locale désignant le ruisseau (Rivuscellum), comme le montre d'une façon particulièrement évidente la première attestation fournie par le Dictionnaire des Communes du Doubs.
D'après ""Les noms de Lieux du Doubs"" de Gérard Taverdet.","00041"
38,"Mont de Laval","25391",116,"Canton du Russey.

En 1331, ""Sur le Mont de Laval"" ; nom qui nous parle encore. (""val"" au féminin, avec agglutination de l'article).
D'après ""Les noms de Lieux du Doubs"" de Gérard Taverdet.",
39,"Leutkirck","AL039",130,,
40,"Paris","75",113,,
41,"La Motte","CH014a",14,"L'église de La Motte, située en plein milieu des champs, est ouverte à tous les habitants de Bremoncourt à Ocourt juque vers 1850. Elle est signalée dans un texte dès 1139 (d'après le bulletin ""Au Clos Du Doubs"" n°33/mai-juin 1998).",
42,"Chapelle D'Huin","25122",116,"Canton de Levier.

En 1275, ""Capelle de Huins"" ; les ""chapelles"" sont des villages qui se sont développés autour d'un petit établissement religieux ; terme très fréquent en toponymie ; la seconde partie du nom peut représenter le nom ancien ; origine ? ; le celtique Dunum 'montagne' semble improbable.
D'après ""Les noms de Lieux du Doubs"" de Gérard Taverdet.",
43,"Grand Combe des Bois","25286",116,"Subdélégation d'Ornans
Seigneurie de Vennes

Canton du Russey.

En 1352 ""Grant Combe"" ; ""combe"" est une vallée ; l'adjectif ""grand"" a la forme de l'ancien français (que l'on retrouve encore aujourd'hui dans 'grand-mère') ..
D'après ""Les noms de Lieux du Doubs"" de Gérard Taverdet.

1703 : Dénombrement par Ferdinand-François de Poitiers de Rye - B 3064",
44,"Thiébouhans","25559",116,"Canton de Maîche.

En 1292, ""Tyebuans"" ; Le Dictionnaire des Noms de Lieux de France propose un nom d'homme grmanique Theudobald avec suffixe en -ing (de l'ancien morphène locatif burgonde -ingos ""chez les  ..."").
D'après ""Les noms de Lieux du Doubs"" de Gérard Taverdet.",
45,"Feule","25239",116,"Canton de Maîche.

En 1147, ""Fayola"" ; le forme d'archives nous indique une forme facile ; il s'agit d'un dérivé du latin Fagus 'hêtre' (certainement, suffiwe -eola) ; il s'agit donc d'un lieu planté d'hêtres, d'une forêt ; terme très fréquent.
D'après ""Les noms de Lieux du Doubs"" de Gérard Taverdet.",
46,"Fessevillers","25238",116,"Canton de Maîche.

En 1168, ""Fischwillar"" ; pour le Dictionnaire des Noms de Lieux de France, nom d'homme germanique Fisco (phonétiquement assez difficle), en composition avec ""-Villers"", ""ferme, hameau"" (dérivé de Villa, ""ferme"").
D'après ""Les noms de Lieux du Doubs"" de Gérard Taverdet.",
47,"La Lizerne","FR047",116,,
48,"Les Guerittes","25350",71,,
49,"Cernié et Chassenay","CH049",128,,
50,"Montnoiron","CH050",128,,
51,"Chauvillier","25102a",70,,
52,"Guyans Vennes","25301",116,"Canton de Pierrefontaine.

En 1249, ""Guyans en Vennes"" ; d'un nom d'homme germanique Gudo, avec le suffixe -ing (de l'ancien morphène locatif burgonde -ingos ""chez les  ...""). La seconde partie est le nom d'une commune voisine..
D'après ""Les noms de Lieux du Doubs"" de Gérard Taverdet.","00043"
53,"Richebourg","25275a",20,,
54,"Dannemarie","FR054",132,"Il s'agit d'un village dont l'église a été consacrée à la Vierge (Domina Maria).",
55,"Laval","25329a",116,,
56,"Courtefontaine","25174",116,"Canton de St-Hippolyte.

En 1305, ""Cortefontaine"" ; au XIIe siècle ""Curtis Fons"", d'après le Dictionnaire des Noms de Lieux de France qui donne à ""courte"" le sens de ""à débit réduit"" ; il s'agit donc d'une fonctaine de faible débit. Un homonyme dans le Jura.
D'après ""Les noms de Lieux du Doubs"" de Gérard Taverdet.",
57,"Mouillevillers","25412",116,"Canton de Saint-Hippolyte.

En 1312, "" Moillevillers"" ; il est difficile de dire si le premier élément est ""mouille"" (lieu humide) ou un nom d'homme déformé ; le second est évidemment ""-villers"", ""ferme, hameau"" (dérivé de Villa, ""ferme"").
D'après ""Les noms de Lieux du Doubs"" de Gérard Taverdet.",
58,"Aisne","02",113,,
59,"Réclère","CH059",128,,
60,"Saint Germain","70464",124,,
61,"Arçon","25024",116,"Canton de Montbenoît.

En 1049 ""Arcum"", en 1181 ""Ercey"" : la première mention ne peut expliquer totalement le nom actuel ; peut-être une forme de la série des ""Arcy"". Il n'est pas nécessaire de supposer un changement de suffixe ancien (souvent, en siècle, le [r] final n'a plus aucune réalité phonétique, d'où la fréquence des confusions. Aujourd'hui commune rattachée à Vaire (carte IGN).
D'après ""Les noms de Lieux du Doubs"" de Gérard Taverdet.",
62,"Coincy","FR062",58,,
64,"Faverney","70228",124,,
65,"Haute-Garonne","31",113,,
66,"Cesay","CH066",119,,
67,"Boulogne Sur Mer","FR067",125,,
68,"Montbéliardot","25389",116,"Canton du Ruusey.

En 1338, ""Montbéliardant"" ; diminutif de Montbéliard.
D'après ""Les noms de Lieux du Doubs"" de Gérard Taverdet.",
69,"Vaucluse","25588",116,"Canton de Maîche.

En 870, ""Vallis Clusa"" ; ancien prieuré ; nom qui nous parle encore ; il s'agit d'une vallée fermée ou, plus simplement, d'une vallée nommée ""cluse"" (terme fréquent dans la toponymie de la région).
D'après ""Les noms de Lieux du Doubs"" de Gérard Taverdet.",
70,"Burnevillers","25102",116,"Canton de St-Hippolyte.

En 1139, ""Borrenviller"" :; la première partie du nom est vraisemblablement un nom d'homme d'origine germnique Boran (d'après le Dictionnaire des Noms de Lieux de France), en composition avec le bas-latin Villare, ""ferme, hameau"" (dérivé de Villa, ""ferme"").
D'après ""Les noms de Lieux du Doubs"" de Gérard Taverdet.",
71,"Le Luhier","25351",116,"Canton du Russey.

En 1338, ""Luyers"" ; le Dictionnaire des Noms de Lieux de France pense à un nom d'homme germanique Liud-Hadi, sans suffixe. Peut-être nom d'homme moderne.
D'après ""Les noms de Lieux du Doubs"" de Gérard Taverdet.",
72,"Le Bizot","25062",116,"Canton du Russey.

En 1325, ""Le Buisat"" ; pour le Dictionnaire des Noms de Lieux de France, nom d'homme moderne ""Bizot"" ; à comparer avec ""Les Bizots"" (Saône et Loire) ; cependant cette explication ne correspond pas avec la forme ancienne. Peut-être un dérivé du nom commun germanique Buka (Bukittu) qui s'est maintenu dans les parlers de la région et a désigné le lavoir : les ""Buets"" sont très féquents en microtoponymie.
D'après ""Les noms de Lieux du Doubs"" de Gérard Taverdet.","00040"
73,"Canton de Fribourg","CH073",127,,
74,"Les Bréseux","25091",116,"Canton de Maîche.

En 1339, ""Les Bresus"" ; pour le Dictionnaire des Noms de Lieux de France, il s'agit d'un dérivé de ""braise"" ; nous aurions donc un défrichement par le feu ; toponymie évidemment récent.
D'après ""Les noms de Lieux du Doubs"" de Gérard Taverdet.",
75,"Noroy L'Archevèque","70390",124,,
76,"La Chenalotte","25148",116,"Canton du Russey.

En 1586, 1610, ""La Chenalotte"" ; on peut reconnaître ici un dérivé de ""chenal"" (du latin Cananle) qui désigne soit un canal d'irrigation, soit un petit cours d'eau ; l'aticle nous indique que le nom est récent.
D'après ""Les noms de Lieux du Doubs"" de Gérard Taverdet.",
77,"Le Vaudey","25081a",15,,
164,"Verrières-du-Grosbois","25610",116,"Canton de Vercel.

En 1285, ""Ala Verrière"" ; malgré les apparences, nom difficile ; le Dictionnaire des Communes signale une verrerie (""son emplacement est connu, près de la route de Naisey"") ; mais cela est loin d'être sûr, puisque le Dictionnaire des Communes s'appuie uniquement sur le nom qui n'est pas évident.
L'ancien nom du village semble avoir été Gonsans (1285) où on retrouve sans doute un nom d'homme d'origine germanique avec le suffixe -ing (de l'ancien morphène locatif burgonde -ingos ""chez les  ..."").
D'après ""Les noms de Lieux du Doubs"" de Gérard Taverdet.",
165,"Franches Montagnes","FR165",116,"Imier de Ramstein , évêque de Bâle, octroie le 17 novembre 1384, des franchises aux habitants de la Montagne des Bois, ces ""Noires Joux"" allant de Montfaucon à Biaufond, afin d'encourager le défrichement et le peuplement de cette région de Montfaucon (d'après le bulletin ""Au Clos Du Doubs"" n°34/juillet-août 1998).
",
166,"Le Bélieu","25050",116,"Canton du Russey.

En 1446, ""Beaulieu""; la forme ancienne est encore plus facile à comprendre que la forme moderne ; nom récent qui nous parle encore.
D'après ""Les noms de Lieux du Doubs"" de Gérard Taverdet.",
167,"Le Noirmont","CA167",160,,
168,"Lure","70310",124,,
169,"Buffard","25098",116,"Canton de Quigey

En 1208, ""Bufart"" ; pour Dauzat (Dictionnaire des Noms de Lieux de France""), c'est un nom d'homme récent ; dérivé de ""bufe"" (d'une racine onomatopéique) qui désignait le casque qui couvrait les joues, avec le suffixe français -ard ; Buffard était donc un homme qui portait un casque ou un homme aux grosses joues.
D'après ""Les noms de Lieux du Doubs"" de Gérard Taverdet.",
171,"Cour-Saint-Maurice","25173",116,"Canton de Maîche.

En 1275, ""Sancti Mauritii"" ; en 1790, ""Saint-Maurice"" ; le nom principal est ""Saint-Maurice"", nom du patron de la paroisse (saint Maurice fut martyrisé à Agaune (actuelle abbaye de Saint-Maurice dans le Valais suisse) en 1286 ; son culte est très répandu en France, peut-être sous l'influence des Burgondes qui avaient une vénération particulière pour ce saint ; ""cour"" est le nom d'un hameau (du latin Cortis ""domaine, ferme"").
D'après ""Les noms de Lieux du Doubs"" de Gérard Taverdet.",
172,"Guyans Durnes","25300",116,"Canton de Pierrefontaine.

En 1250, ""Gulans"" ; d'un nom d'homme germanique Gudo, avec le suffixe -ing (de l'ancien morphène locatif burgonde -ingos ""chez les  ...""). La seconde partie est le nom d'une commune voisine..
D'après ""Les noms de Lieux du Doubs"" de Gérard Taverdet.",
173,"Montancy","25386",116,"Canton de Saint-Hippolyte. Commune de Mantancy-Bremoncourt.

En 1314, ""Montanci"" ; il est diffcile de dire si Montancy est un dérivé de ""mont"" ou s'il représente un nom d'homme de l'époque gallo-romaine ; le Dictionnaire des Noms deLieux de France pense à Ancy, ancien nom du village en compositio avec ""mont"".
D'après ""Les noms de Lieux du Doubs"" de Gérard Taverdet.",
174,"Mont de Vougney","25392",116,"Canton du Maîche.

En 1048, ""Mont de Voigny"" ; Vougney représente l'ancien site (origine ; nom d'homme gallo-romain ?) ; le village, au nom récent, s'est développé autour de cet ancien site.
D'après ""Les noms de Lieux du Doubs"" de Gérard Taverdet.",
175,"Montécheroux","25393",116,"Canton du Saint-Hippolyte.

En 1040, ""Mons Escherolus"" ; la seconde partie est difficle à interpréter (dérivé de ""échelle"" ?) ; en tout cas, le village doit son nom à la montagne.
D'après ""Les noms de Lieux du Doubs"" de Gérard Taverdet.",
176,"Les Alliés","25012",116,"Canton de Montbenoît.

Autrefois ""Les Allemands"" ; le 20.11.1915, ""Les Alliés"" ; le village reprend le nom ancien pendant la seconde guerre mondiale (cf. Dictionnaire des Communes). Pas signalé par le Dictionnaire des Noms de Lieux de France.
Il s'agit d'un cas typique où l'histoire anacdotique l'emporte sur la philologie et les considérations linguistiques ; autrefois, ce village, sans doute récent, a été peuplé de colons venus des régions alémanqiues voisines (beaucoup plus certainement que par les Alamans, arrivés avec les grandes invasions à la fin de l'Empire romain) ; pendant la Grande Guerre, les habitants supportent diffcilement de porter le nom de l'ennemi et obtiennent le changement du nom de la commune ; sans cette connaissance de l'histoire locale, le nom actuel serait parfaitement impossible à expliquer ; on pourrait y voir des alisiers, des halliers, etc ...
le nom ""Les Allemands"" n'est pas unique, puisqu'on note un hameau du Russey qui a conservé son nom primitif.
D'après ""Les noms de Lieux du Doubs"" de Gérard Taverdet.",
177,"Arc-sous-Cicon","25025",116,"Canton de Montbenoit.

En 1097, ""Widdo de castello qui vocatur Sicco"" ; en 1278, ""Arc-dessous-Cicons"" ; la première attestation (1097) est liée bien sûr au château de Cicon (situé sur la commune de Vanclans) ; malgré la forme, il est difficile de penser à un pont à proximité du village construit sur un plateau.
Pour ""Cicon"", peut-être un dérivé de Siccus ; ce serait un endroit sec (c'est en tout cas l'attitude étymologique du scribe de 1097). Peut-être un dérivé d'une racine prélatine désignant la montagne, comme dans les ""Sucs"" du Massif Central.
D'après ""Les noms de Lieux du Doubs"" de Gérard Taverdet.",
178,"Belmont","25052",116,"Canton de Vercel.

En 1170 et 1290, ""Belmont""  ; nom qui nous parle encore ; il s'agit bien sûr d'un ""beau mont"" ; formation très fréquente en toponymie.
D'après ""Les noms de Lieux du Doubs"" de Gérard Taverdet.",
179,"Belvoir","25053",116,"Canton de Clerval.

En 1238, ""Belvoir"" ; nom qui nous parle encore ; il s'agit d'une belle vue, d'un belvédère ; nom très très fréquent en toponymie.
D'après ""Les noms de Lieux du Doubs"" de Gérard Taverdet.",
180,"Berche","25054",116,"Cantonde Pont-de-Roide.

En 1281, ""Berche"" ; pour le Dictionnaire des Noms de Lieux de France, variante dialectale de ""brèche"" (peut-être avec le sens de défrichement ; à comparer avec Brèche, hameau des environs d'Autun (Saône-et-Loire)) ; il existe aussi un terme d'ancien français ""braiche"" ('jachère, terre inculte') dont l'emploi serait plus vraisemblable en toponymie.
D'après ""Les noms de Lieux du Doubs"" de Gérard Taverdet.",
181,"Bief","25061",116,"Canton de Saint-Hippolyte.

En 1219, ""Byey"" ; nom sans problème ; il s'agit du nom du bief, trsè fréquent dans l'est où il désigne non seulement le bief du moulin, mais le ruisseau en général. ""Bief"" apparaît souvent sous la forme ""Bey"".
D'après ""Les noms de Lieux du Doubs"" de Gérard Taverdet.",
182,"Blanchefontaine","25064",116,"Canton de Maîche.

En 1339, ""Blanchefontaine"" ; nom qui nous parle encore ; il s'agit d'une fontaine aux eaux claires. Il faut toutefois penser que ""Blanche"" pourrait représenter un nom de femme germanique (cf. Blancheville (Marne)) ; mais, dans un toponyme ancien, nous aurions la forme ""Blanchien"".
D'après ""Les noms de Lieux du Doubs"" de Gérard Taverdet.",
183,"Bourguignon","25082",116,"Canton de Pnot-de-Roide.

En 1298, ""Bourgoingnums"" ; on voit traditionnellement dans cette série (bien représentée en Franche-Comté) le souvenir du peuple burgonde ; nous aurns donc un plus ancien Burgundiones, cas-régime pluriel ; la première attestation a bien conservé le [s] primitif ; il s'agit donc d'un site ancien, puisque cette colonie burgonde aurait été installée en ces lieux à la fin de l'Empire romain.
D'après ""Les noms de Lieux du Doubs"" de Gérard Taverdet.",
184,"Bremondans","25089",116,"Canton de Vercel.

En 1115, ""Bremondans"" ; le dictionnaire des Noms de Lieux de France propose un nom d'homme germanique Beremund, avec le suffixe -ing (de l'ancien morphène locatif burgonde -ingos ""chez les  ...""). A noter le hameau de Leugney ; en 1028, ""Lunlaco"" ; d'un nom d'homme latin Lunius ou, mieux, d'un prélatin Luna 'étang', avec le suffixe -iacum.
D'après ""Les noms de Lieux du Doubs"" de Gérard Taverdet.",
185,"Bretonvillers","25095",116,"Canton du Russey.

En 1260, ""Moulin de Brevonveler"" ; en 1320, ""Bretonviler"" ; la seconde partie du nom est évidente () ; la première partie représente soit le nom d'homme ""Breton"" (encore présent dans l'onomastique moderne), soit le nom d'homme d'origine germanique Berto, Bertone (avec métathèse) (ce sui est la solution du dictionnaire des noms de Lieux de France qui ignore les formes d'archives).
La première attestation (""Brevon-"") fait toutefois difficulté ; ""Brevon-"" pourrait être une forme hydronymique (""rivière des castors"" ; du gaulois Bibero-, cf. les rivières Bièvre, Be(u)vron ; mais une évolution [v]->[t] est phonétiquement difficile à admettre ; dasn l'attente de plus amples renseignements, nous mettrons entre parenthèses cette première attestation..
D'après ""Les noms de Lieux du Doubs"" de Gérard Taverdet.",
186,"Chamesey","25113",116,"Canton du Russey.

En 1560, ""Chaumesey"" ; nom manifestement récent ; la forme d'archives permet de rejeter la solution du Dictionnaire des Noms de Lieux de France : nom d'homme gallo-romain Camisius, avec le suffixe -acum ; nous avons ici manifestement un nom comparable à Chamezel (Loire) qui appartient à la même famille que ""chaume"" ou ""chaux"" ; il s'agit donc d'une friche ou d'un terrain diffcile à cultibver ; le Dictionnaire des Communes du Doubs nous dit que ce village est ""assis sur un plateau"" à plus de 700 mètres d'altitude ; à comparer également avecChamesson (Côte d'Or) où le [l] étymologique s'est aussi amuï devant la consonne labiale.
La finale ""-ey"" représente l'ancien suffixe ""el"" comme le cas est fréquent dans la toponymie comtoise.
D'après ""Les noms de Lieux du Doubs"" de Gérard Taverdet.",
187,"Charmoille","25125",116,"Canton de Maîche.

En 1316 , ""Charmoilles"" ; il s'agit d'un dérivé de charmoy ('lieu où pousse le charme') ; nombreux homonymes en toponymie.
D'après ""Les noms de Lieux du Doubs"" de Gérard Taverdet.",
188,"Châtillon-sous-Maîche","25134",116,"Canton de Saint-Hippolyte.

En 1245, 1262, ""Castelllionis"" ; nom sans problème ; il s'agit d'un dérivé du bas-latin Castellum 'château' ; terme de l'époque mérovingienne, trsè fréquent dans les pays romans.
D'après ""Les noms de Lieux du Doubs"" de Gérard Taverdet.",
189,"Droitfontaine","25206",116,"Canton de Maîche.

En 1413, ""Droitfontaine"" ; le second élément nous parle encore ; le premier élément pourrait êter l'adjectif ""droit"" (ou nom d'homme aujourd'hui impossible à reconnaître) ; l'explication du Dictionnaire des Noms de Lieux de France doit être écartée : ""l'adjectif n'a pas changé de forme quand Fontana s'est substitué à Fons"" ; cette explication de Dauzat se heurte à de nombreux obstacles :
a) rien ne prouve que dans ce nom (assez récent) nous ayaons eu autrefois fons
b) fons en roman est généralement féminin ; le genre latin primitif n'apparaît que dans l'usage religieux (""fonts baptismaux"")
c) en réalité, ""droit"" pourrait représenter un plus anciendroiti, féminin en francoprovençal. C'est cette explication que nous conservons.
D'après ""Les noms de Lieux du Doubs"" de Gérard Taverdet.",
190,"Fesches-le-Châtel","25237",116,"Canton d'Etupes.

En 1282, etc ..., ""Fesches_le_Chastelot"" ; om voit généralement ici l'évolution de Fisca, domaine du roi ou de l'église.
D'après ""Les noms de Lieux du Doubs"" de Gérard Taverdet.",
191,"Fleurey","25244",116,"Canton de Saint-Hippolyte.

An Xiiie siècle, ""Floracus"" ; on voit généralement ici le domaine du latin Florius avec le suffixe -(i)acum ; M. Roblin a pensé plus simplement à un nom de défrichement (lieu où on voit des flaurs) ; mais toute preuve est impossible.
D'après ""Les noms de Lieux du Doubs"" de Gérard Taverdet.",
192,"Froidevaux","25261",116,"Canton de Saint-Hippolyte.

En 1413, ""Froideval"" ; nom sans problème ; il s'agit d'une ""froide vallée"" (""vau"" est la forme locale de ""val"", employée au féminin, comme en latin) ; nom manifestement assez récent.
D'après ""Les noms de Lieux du Doubs"" de Gérard Taverdet.",
193,"Fuans","25262",116,"Canton de Pierrefontaine.

En 1283, 1689, ""Fuyans"" ; nom d'homme germanique Fugilo (Perrenot)ou Fuggo (Dauzat), avec le suffixe -ing (de l'ancien morphène locatif burgonde -ingos ""chez les  ..."").
D'après ""Les noms de Lieux du Doubs"" de Gérard Taverdet.",
194,"Grand-Combe-Châteleu","25285",116,"Canton de Morteau.

En 1590 ""Grand Combe"" ; le nom actuel est de 1937 ; ""combe"" est une vallée ; l'adjectif ""grand"" a la forme de l'ancien français (que l'on retrouve encore aujourd'hui dans 'grand-mère') . Châteleu est le nom d'une montagne qui domine la vallée (dérivé de ""château"" ; forme locale de ""châtelet"").
D'après ""Les noms de Lieux du Doubs"" de Gérard Taverdet.",
195,"La Grange","25290",116,"Canton de Maîche.

En 1560, ""La Grange"" ; en 1583, ""La Grange lez Vaulcluse"" ; nom qui nous parle encore : il convient toutefois de retenir que ""les granges"" étaient souvent des établissements monastiques où les paysans étaient tenus de rassembler la part des récoltes due aux moines ; mais rien ne permet d'affirmer l'origine monastique de ce lieu.
D'après ""Les noms de Lieux du Doubs"" de Gérard Taverdet.",
196,"Laval-le-Prieuré","25329",116,"Canton du Russey.

En 1275, ""Laval"" ; la première partie du nom est évidente et nous parle encore (""val"" au féminin, avec agglutination de l'article) ; la seconde partie du nom est officalisée en 1922 (souvenir d'un prieuré qui apparaît à la fin du XIIe siècle, mais qui est probablement plus ancien.
D'après ""Les noms de Lieux du Doubs"" de Gérard Taverdet.",
197,"Longevelle-lès-Russey","25344",116,"Canton du Russey.

PAs de formes anciennes citées par le Dictionnaire des Communes du Doubs ; la seconde partie (nom du bourg voisin) est offcialisée en 1923 ; nom évident qui nous parle encore ; ""velle"" est la forme locale de ""ville"" (au sens de ""ferme"" ou, préférable ici, de ""village"") ; pour ""longe"", il s'git de l'ancien féminin de ""long"".
D'après ""Les noms de Lieux du Doubs"" de Gérard Taverdet.",
198,"Le Mémont","25373",116,"Canton du russey.

En 1559, ""Mymon"" ; le village est situé sur un plateau qui domine deux vallées ; il s'agit donc du ""milieu de la montagne"".
D'après ""Les noms de Lieux du Doubs"" de Gérard Taverdet.",
199,"Miserey-Salines","25381",116,"Canton d'Audeux.

En 1143, ""Misere"" ; plutôt qu'un nom d'homme gallo-romain (Miserius), nous verrons ici tout simplement un dérivé du latin Maceria ('ruines'). En 1866, on trouve du sel et le nom actuel est officialisé en 1922.
D'après ""Les noms de Lieux du Doubs"" de Gérard Taverdet.",
200,"Monbenoît","25390",116,"En 1150, ""Abbatia Montis Benedicti"" ; nom évident ; la ville doit son nom à une abbaye fondée, selon la tradition, par un ermite nommé Benoît (Benedictus).
D'après ""Les noms de Lieux du Doubs"" de Gérard Taverdet.",
201,"Montjoie-le-Château","25402",116,"Canton de Saint-Hippolyte.

En 1239, ""Monte Guyena"" ; il s'agit évidemment d'un nom de château (le nom actuel est offcialisé en 1922) ; mais l'étymologie de Montjoie est encore débattue ; pour certains, une ""montjoie"" est un château destiné à protéger le territoire (du germanique Mundgawi) ; d'autres pensent en revanche que les Montjoies sont des monts où on laissait éclater sa joie, comme les Montjoies placées sur les routes de Santiago (à Vezelay, par exemple) où le pélerin découvrait pour la première joie le but de son voyage ; cette étymologie par ""joie"" existe depuis longtemps ; par exemple, en 1369, ""Laetis mons"".
Il existe encore dans le Midi de la France un nom commun ""monjoie"" qui a le sens de 'tas' ; les étymologistes modernes y voient un dérivé de Mons ; les textes religieux associent volontiers l'idée de montagne à l'idée de grand nombre : saint ambroise : ""Est mons quasi qapienta Dei"" ; saint Bernard : ""Est mons gaudi, mons gloriae"".
D'après ""Les noms de Lieux du Doubs"" de Gérard Taverdet.",
202,"Montursin","25407",116,"Canton de Saint-Hippolyte.

Pas de formes anciennes connues ; village peu important ; le second élément est vraisemblablement un nom d'homme moderne ""Ursin"".
D'après ""Les noms de Lieux du Doubs"" de Gérard Taverdet.",
203,"Noël-Cerneux","25425",116,"Canton du Russey.

En 1463, ""Novel Cerneuf"" ; la forme citée par le Dictionnaire des Communes doit écarter la solution du Dictionnaire des noms de Lieux de France qui rapproche ce nopm de celu du village de Nods ; ""Noël"" est manifestement une forme de ""nouvel"" ; le second élément est un dérivé de ""cerne"" qui est bien représenté dans la région francoprovençale avec le sens de défrichement. Nous avons ici un nom de formation très récente. A comaprer avec ""µLes Cerneux de Maîche"" (hameau de Maîche) ou ""Cerneux Maillot"" à Charquemont.
D'après ""Les noms de Lieux du Doubs"" de Gérard Taverdet.",
204,"Orchamps-Vennes","25432",116,"Canton de Pierrefontaine.

En 1139, ""Orchans"" ; en 1243, ""Orchans en Venne"" ; pour le Dictionnaire des noms de Lieux de France, nom d'homme germanique Horsco, avec le suffixe -ing (de l'ancien morphène locatif burgonde -ingos ""chez les  ..."") ; à partir du XVIIe siècle, la graphie subit l'influence de ""champ"". Vennes est le nom d'une commune voisine.
D'après ""Les noms de Lieux du Doubs"" de Gérard Taverdet.",
205,"Plains-et-Grands-Essarts","25458",116,"Canton de Saint-Hippolyte.

En 1139, ""Planel"" ; en 1312, ""Grand-Essart"" ; nom moderne et facile encore à comprendre ; il s'agit d'un groupement de deux agglomérations ; les Plains (terrain plain, plan) et les Grands-Essarts. (de l'ancien morphène locatif burgonde -ingos ""chez les  ..."")",
206,"Provenchère","25471",116,"Canton de Maîche.

En 1256, ""Provenchières"" ; on voit traditionnellement dans les nombreuses ""Provenchères"" des lieux plantés de pervenches ; om pourrait penser aussi, ce qui serait sémantiquement préférable, à un terme de la même famille que ""prébende"" (latin Praebenda), mais avec une évolution phonétique complète ; il pourrait donc s'agir à l'origine de terres qui rapportent une prébende.
D'après ""Les noms de Lieux du Doubs"" de Gérard Taverdet.",
207,"Rosureux","25504",116,"Canton du russey.

Au XIVe siècle, ""Sainte-Foy"" ; nom actuel en 1614 (Rozureux) ; le Dictionnaire des Noms de Lieux de France rattache ce nom  à un dérivé du germanique Raus que nous retrouvons dans le françaisroseau ; il s'agit donc d'un lieu humide ; on notera un changement de nom : le nom primitif est celui de la patronne de l'église (qui est encore dédiée à sainte Foy).
D'après ""Les noms de Lieux du Doubs"" de Gérard Taverdet.",
208,"Saint-Julien-les-Russey","25522",116,"Canton du Russey.

Au XIVe siècle, ""Eccl. de Sancto Juliano"" ; Julien était un martyr de Brioude (Haute-Loire) ; son culte est très répandu en France ; l'église actuelle est sous le vocable de ce saint. avant la révolution, le village s'est appelé ""Saint-Julien-enMontagne"".
D'après ""Les noms de Lieux du Doubs"" de Gérard Taverdet.",
209,"Saint-Vit","25527",116,"En 967, ""Villa Sancti Vitti"" ; église dédiée à saint Vit. Selon le dictionnaire des Noms de Lieux de France, saint Vit (Vittus) fut martyrisé sous Dioclétien ; culte peu répandu.
D'après ""Les noms de Lieux du Doubs"" de Gérard Taverdet.",
210,"Urtière","25573",116,"Canton de Maîche.

En 1292, ""Costes de Hortières"" ; la forme ancienne semble nous indiquer que Urtières est un dérivé du latin Hortus 'jardin' ; le dictionnaire des Noms de Lieux de France (qui ne possède pas de formes anciennes) pense à un dérivé de Urtica 'ortie', également possible ; à l'origine, il s'agit donc d'un établissement très modeste.
D'après ""Les noms de Lieux du Doubs"" de Gérard Taverdet.",
211,"Valoreille","25584",116,"Canton de Saint-Hippolyte.

En 1339, ""Valleroille"" ; très probablement un dérivé de Villare 'hameau' ; le suffixe ^tre le diminutif  -Icula ; Valoreille est donc un ""petit villars"". Homonymes en Haute-Saône.
D'après ""Les noms de Lieux du Doubs"" de Gérard Taverdet.",
212,"Lac Ou Villers","25321a",116,,
213,"Vesoul","70550",124,,
214,"Valentigney","25580",146,,
215,"Sévérac","FR215",146,,
217,"Les Seignottes","25193",16,,
218,"Le Pissoux","FR218",116,,
219,"Frossay","FR219",146,,
220,"Clion-Sur-Mer","FR220",146,,
221,"Cubry","FR221",146,,
222,"L'Isle-Sur-Le-Doubs","25315",116,,
224,"Constance","AL224",146,,
225,"Verdun","FR225",146,,
230,"Fayl Billot (52)","FR230",146,,
231,"Ravensburg","AL231",146,,
232,"Fontenay Le Comte","FR232",146,,
233,"Alixan (26)","FR233",146,,
234,"St Julien Les Russey","25522a",146,,
235,"Cerneux Monnot","FR235",116,,
236,"Plaimbois-Vennes","25457",146,,
237,"Chine","CH112",146,,
238,"Gireq","AL001",129,,
239,"Le Fol","CH111",221,,
240,"Saint-Ursanne","CH108",36,,
241,"Saignelégier","CH110",36,,
242,"Muriaux","CH106",36,,
243,"Délémont","CH105",36,,
244,"Alle","CH109",36,,
245,"Les Frenelots","25240",26,"Hameau des Fins.",
246,"Lobschez","CH113",37,,
247,"Bellegarde",,38,,
248,"Les Plains",,70,,
249,"Baume-Les-Dames",,70,,
250,"La Rochelle",,85,,
251,"Grenoble",,85,,
252,"Luisans",,71,,
253,"Mamirolle",,71,,
254,"Bourges",,85,,
255,"Dijon",,86,,
256,"Saint Blaise",,1,,
257,"Bethoncourt",,73,,
258,"Strasbourg",,1,,
259,"Moyenmoutier (88)",,247,,
260,"Pont De Roide",,74,,
261,"Maiche",,74,,
262,"Charquemont ?",,54,,
263,"Thise",,75,,
264,"Annecy",,89,,
265,"Saint Julien Les Russey",,76,,
266,"Montferand Le Chateau",,76,,
267,"GrandCharmont",,76,,
268,"Rioz",,108,,
269,"Fournet Blancheroche",,1,,
270,"Montagney 70",,1,,
271,"Montagney (70)",,1,,
272,"Montagney(70)",,1,,
273,"Montagney",,109,,
274,"Beurre",,76,,
275,"Langeron",,1,,
276,"Saint  Les Russey",,77,,
277,"Vevey Suisse",,244,,
278,"Blamont",,77,,
